Player,Elo,hElo,cElo,gElo
Jannik Sinner,2331.9,2269.3,2221.8,2135.5
Carlos Alcaraz,2156.8,2083.3,2096.6,2024.2
Alexander Zverev,2114.5,2048.9,2058.5,1957.4
Novak Djokovic,2075.5,2029.8,1967.4,1946.2
Arthur Fils,2008.9,1943.9,1949.2,1790.7
Rafael Jodar,1973.7,1860.2,1936.4,1716.1
Felix Auger Aliassime,1972.8,1939.6,1871.4,1819.4
Daniil Medvedev,1971.3,1959.3,1885.9,1849.6
Casper Ruud,1969.1,1881.7,1966.0,1696.6
Alex De Minaur,1960.8,1935.5,1869.2,1840.3
Tommy Paul,1943.0,1878.5,1882.8,1795.0
Ben Shelton,1939.0,1910.9,1834.4,1833.7
Jiri Lehecka,1934.6,1888.6,1832.0,1814.3
Taylor Fritz,1927.3,1847.6,1770.0,1870.5
Learner Tien,1922.3,1894.8,1812.0,1701.9
Joao Fonseca,1918.4,1909.1,1851.7,1707.9
Jakub Mensik,1916.9,1885.7,1853.9,1708.7
Frances Tiafoe,1916.3,1860.6,1826.6,1817.0
Flavio Cobolli,1915.9,1819.4,1872.2,1787.8
Francisco Cerundolo,1915.1,1872.1,1860.4,1751.0
Alejandro Davidovich Fokina,1906.3,1848.9,1819.6,1796.9
Alexander Bublik,1903.0,1843.6,1829.4,1820.2
Alexander Blockx,1897.8,1789.2,1864.1,1685.1
Andrey Rublev,1889.8,1842.3,1866.2,1759.9
Raphael Collignon,1883.4,1831.7,1808.1,1679.8
Tomas Machac,1865.9,1829.3,1782.8,1705.9
Lorenzo Musetti,1863.8,1798.5,1847.6,1745.4
Ugo Humbert,1855.6,1837.2,1726.0,1749.6
Matteo Berrettini,1840.2,1801.8,1794.4,1746.1
Dino Prizmic,1839.7,1732.6,1802.3,1618.5
Stefanos Tsitsipas,1833.4,1802.7,1841.0,1677.4
Karen Khachanov,1831.4,1784.5,1788.9,1730.5
Brandon Nakashima,1827.5,1782.0,1729.2,1741.4
Jack Draper,1822.3,1782.5,1696.6,1704.0
Hubert Hurkacz,1821.6,1738.2,1773.9,1730.1
Hamad Medjedovic,1821.5,1734.6,1806.8,1638.3
Luciano Darderi,1821.0,1671.5,1828.8,1614.6
Zizou Bergs,1816.6,1761.3,1700.8,1724.2
Cameron Norrie,1815.5,1782.4,1781.0,1693.0
Arthur Fery,1812.5,1730.4,1616.4,1722.0
Matteo Arnaldi,1812.5,1723.6,1821.7,1606.8
Mariano Navone,1811.6,1687.6,1794.8,1554.1
Ignacio Buse,1811.0,1656.2,1780.7,1632.5
Alejandro Tabilo,1807.9,1744.2,1775.6,1656.6
Pablo Carreno Busta,1804.1,1745.8,1768.4,1604.9
Roman Safiullin,1804.1,1730.7,1781.3,1720.9
Gael Monfils,1803.3,1783.5,1684.9,1651.8
Valentin Vacherot,1802.6,1752.2,1688.8,1555.3
Kamil Majchrzak,1798.8,1738.3,1722.5,1745.6
Tomas Martin Etcheverry,1798.1,1758.7,1760.2,1559.5
Alex Michelsen,1796.7,1796.0,1680.3,1685.9
Marin Cilic,1796.4,1759.5,1699.2,1746.0
Eliot Spizzirri,1796.1,1765.0,1584.1,1630.0
Ethan Quinn,1794.3,1762.3,1683.3,1695.9
Arthur Cazaux,1792.9,1737.6,1702.8,1658.7
Arthur Rinderknech,1788.6,1751.9,1716.9,1673.3
Fabian Marozsan,1786.5,1747.8,1716.8,1654.8
Sebastian Korda,1783.6,1740.0,1644.9,1654.0
Juan Manuel Cerundolo,1782.3,1653.4,1757.6,1560.4
Yannick Hanfmann,1781.1,1720.8,1741.4,1647.1
Jaume Munar,1779.8,1750.0,1712.6,1636.1
Tallon Griekspoor,1774.1,1768.9,1718.1,1692.9
Nuno Borges,1773.5,1716.4,1728.1,1659.1
Jordan Thompson,1772.4,1732.6,1604.6,1708.7
Michael Zheng,1771.4,1709.6,1614.3,1669.7
Marton Fucsovics,1770.5,1726.4,1693.3,1704.1
Soon Woo Kwon,1768.1,1727.5,1637.2,1653.7
Miomir Kecmanovic,1767.6,1708.6,1732.4,1637.5
Denis Shapovalov,1761.8,1770.4,1671.7,1615.6
Grigor Dimitrov,1760.8,1744.3,1656.0,1682.5
Jaime Faria,1760.0,1627.5,1718.7,1686.9
Holger Rune,1756.9,1724.5,1728.7,1628.4
Daniel Merida Aguilar,1754.5,1681.0,1705.5,1573.6
Reilly Opelka,1748.9,1733.8,1644.0,1634.6
Alex Molcan,1747.4,1655.1,1714.4,1633.6
Camilo Ugo Carabelli,1747.2,1635.5,1734.6,1475.2
Juncheng Shang,1745.8,1698.4,1640.2,1650.8
Sebastian Baez,1744.8,1701.6,1710.5,1530.2
Zachary Svajda,1743.3,1702.6,1601.7,1684.1
Otto Virtanen,1741.2,1691.9,1549.0,1713.4
Botic Van De Zandschulp,1740.1,1709.1,1688.9,1591.8
Jan Lennard Struff,1738.7,1656.5,1681.6,1688.5
Benjamin Bonzi,1737.7,1707.3,1616.0,1658.1
Marcos Giron,1736.7,1713.6,1613.2,1648.7
Lorenzo Sonego,1736.4,1710.0,1643.2,1651.3
Alexei Popyrin,1735.5,1677.6,1723.8,1577.3
Rinky Hijikata,1734.0,1686.9,1570.4,1654.2
Toby Samuel,1733.5,1722.8,1629.5,1570.9
Corentin Moutet,1733.4,1721.2,1686.4,1627.2
Jan Choinski,1731.2,1593.8,1695.8,1572.9
Thiago Agustin Tirante,1730.3,1630.8,1709.7,1546.3
Pablo Llamas Ruiz,1729.3,1616.6,1718.3,1565.7
Vit Kopriva,1726.6,1663.7,1692.9,1589.9
Jenson Brooksby,1725.6,1697.8,1623.0,1667.9
Giovanni Mpetshi Perricard,1725.0,1665.5,1666.4,1636.1
Daniel Altmaier,1723.5,1646.3,1687.7,1592.2
Titouan Droguet,1722.6,1652.8,1696.7,1618.3
Adam Walton,1722.4,1678.5,1552.7,1624.0
Nishesh Basavareddy,1721.5,1680.5,1634.2,1544.1
Mattia Bellucci,1720.3,1677.8,1609.8,1656.5
Jesper De Jong,1718.5,1610.9,1699.6,1555.9
Gabriel Diallo,1717.1,1678.9,1629.6,1639.6
Kyrian Jacquet,1715.8,1678.3,1601.4,1675.4
Zsombor Piros,1714.5,1656.0,1691.1,1577.2
Kei Nishikori,1714.0,1680.3,1609.5,1591.1
Yibing Wu,1713.4,1726.0,1655.4,1486.1
Martin Landaluce,1712.0,1677.5,1647.1,1604.6
Quentin Halys,1710.0,1678.5,1665.9,1607.9
Sebastian Ofner,1708.8,1652.6,1671.5,1631.9
Martin Damm,1704.9,1656.4,1534.7,1641.9
Adolfo Daniel Vallejo,1698.8,1499.1,1680.2,1538.2
Terence Atmane,1697.2,1670.4,1624.8,1536.6
Roberto Bautista Agut,1696.9,1666.5,1638.0,1645.6
Laslo Djere,1696.8,1612.9,1706.0,1565.9
Emilio Nava,1695.6,1616.9,1681.8,1538.2
Facundo Diaz Acosta,1694.7,1540.2,1686.5,1472.0
Leandro Riedi,1693.1,1675.3,1598.6,1625.8
Jacob Fearnley,1691.8,1610.8,1644.2,1661.9
Luca Van Assche,1690.4,1676.0,1633.2,1541.6
Yoshihito Nishioka,1688.7,1659.2,1618.3,1539.9
Andrea Vavassori,1688.1,1655.0,1642.3,1538.1
Roman Andres Burruchaga,1687.1,1532.7,1671.2,1532.4
Jason Kubler,1684.5,1635.3,1615.7,1679.3
Bu Yunchaokete,1681.1,1630.1,1594.5,1590.8
Borna Gojo,1676.3,1658.9,1638.6,1481.4
Adrian Mannarino,1675.7,1648.5,1488.9,1648.0
Gustavo Heide,1674.4,1525.3,1661.0,1506.8
Stan Wawrinka,1673.5,1661.6,1610.3,1580.9
Christopher Oconnell,1673.2,1656.9,1569.1,1616.7
Francisco Comesana,1667.4,1628.1,1639.7,1524.9
Cristian Garin,1666.9,1572.1,1658.7,1617.3
Zhizhen Zhang,1665.2,1633.7,1624.9,1616.0
Alexander Shevchenko,1664.8,1640.4,1622.2,1457.0
Lloyd Harris,1664.8,1640.2,1565.9,1607.6
Sho Shimabukuro,1661.3,1600.5,1504.2,1627.7
Alexandre Muller,1661.0,1628.5,1626.7,1508.0
Valentin Royer,1658.4,1593.8,1623.8,1586.2
Hugo Gaston,1657.7,1645.9,1602.7,1571.4
Andrea Pellegrino,1655.2,1412.6,1639.4,1452.5
David Goffin,1654.1,1620.1,1631.9,1626.7
Henrique Rocha,1652.5,1562.7,1654.9,1486.3
Patrick Kypson,1648.4,1615.1,1558.7,1517.5
Nicolas Jarry,1648.3,1573.5,1641.5,1635.2
Hugo Dellien,1646.1,1490.1,1634.9,1475.5
James Duckworth,1637.4,1596.6,1577.2,1553.1
Nikoloz Basilashvili,1636.0,1590.6,1598.2,1575.2
Jerome Kym,1632.0,1607.9,1567.5,1555.9
Stefanos Sakellaridis,1632.0,1566.7,1612.3,1558.7
Kilian Feldbausch,1629.4,1407.6,1609.8,1514.7
Nicolai Budkov Kjaer,1628.8,1602.2,1586.6,1526.7
Dalibor Svrcina,1628.7,1618.8,1572.6,1469.3
Henry Searle,1627.8,1462.2,1432.0,1647.3
Aleksandar Kovacevic,1627.7,1606.8,1558.8,1462.1
Damir Dzumhur,1625.3,1589.2,1584.3,1533.7
Dusan Lajovic,1625.0,1561.0,1590.1,1511.2
Roberto Carballes Baena,1624.1,1588.5,1608.3,1505.6
Vilius Gaubas,1623.2,1580.6,1561.9,1599.3
Giulio Zeppieri,1621.9,1589.0,1565.7,1578.9
Marco Trungelliti,1620.4,1492.9,1617.3,1466.1
Mackenzie Mcdonald,1618.3,1610.5,1479.7,1553.6
Florian Broska,1616.4,1456.8,1597.0,1508.2
Jurij Rodionov,1613.4,1572.6,1562.7,1570.2
Chris Rodesch,1610.6,1617.7,1534.5,1537.2
Alexis Galarneau,1610.4,1557.1,1493.5,1575.3
Carlos Taberner,1610.3,1445.0,1604.7,1433.4
Arthur Gea,1609.6,1616.1,1527.5,1540.2
Tristan Boyer,1609.5,1549.3,1568.7,1506.8
Aleksandar Vukic,1609.3,1586.8,1505.1,1551.8
Lukas Neumayer,1608.3,1474.0,1592.8,1435.7
Daniel Rincon,1606.5,1556.3,1568.8,1413.6
Oliver Tarvet,1606.3,1518.5,1553.1,1604.3
Emil Ruusuvuori,1606.1,1576.8,1558.3,1576.4
Colton Smith,1604.6,1579.2,1489.6,1557.6
Lukas Klein,1601.1,1535.1,1623.9,1557.2
Tomas Barrios Vera,1600.2,1544.9,1570.1,1554.4
Pavel Kotov,1596.6,1600.8,1528.7,1502.3
Clement Tabur,1596.0,1567.4,1538.6,1527.6
Pierre Hugues Herbert,1593.5,1569.8,1523.5,1545.0
Matteo Gigante,1591.8,1533.6,1598.0,1457.1
Dhakshineswar Suresh,1591.7,1547.9,1405.9,1495.9
Elmer Moller,1591.7,1475.3,1575.4,1524.9
Coleman Wong,1590.8,1587.1,1461.1,1451.1
Facundo Bagnis,1590.7,1512.9,1583.8,1363.2
Marco Cecchinato,1589.8,1453.2,1565.1,1435.9
Liam Broady,1589.7,1569.5,1488.2,1516.9
Jack Kennedy,1589.7,1469.3,1560.2,1494.8
Michael Mmoh,1589.0,1580.3,1496.2,1475.8
Luca Nardi,1587.3,1572.9,1537.5,1433.8
Filip Misolic,1587.2,1469.3,1663.9,1531.3
Rei Sakamoto,1586.4,1565.7,1507.0,1497.4
Daniel Evans,1586.1,1560.9,1498.3,1577.1
Nicolas Mejia,1578.6,1474.6,1565.5,1562.7
Inaki Montes De La Torre,1577.9,1518.1,1538.2,1488.9
Remy Bertola,1575.0,1525.7,1481.4,1530.0
Shintaro Mochizuki,1574.7,1475.0,1482.5,1617.8
Yosuke Watanuki,1574.6,1560.6,1496.6,1554.2
Alex Bolt,1574.2,1533.8,1411.1,1549.9
Taro Daniel,1574.0,1515.3,1550.0,1484.7
Luka Mikrut,1573.3,1431.4,1606.6,1450.4
Francesco Passaro,1571.2,1551.0,1552.7,1442.0
Federico Cina,1570.0,1553.1,1526.5,1482.6
Vitaliy Sachko,1568.4,1467.4,1542.2,1424.2
Thiago Monteiro,1567.7,1532.7,1553.6,1470.7
Pol Martin Tiffon,1563.7,1546.0,1507.6,1463.1
Liam Draxl,1562.3,1541.0,1484.1,1426.5
Pedro Martinez,1561.5,1542.9,1535.9,1437.9
Tristan Schoolkate,1560.1,1520.0,1464.4,1542.8
Diego Dedura Palomero,1559.4,1355.2,1549.4,1442.6
Nikolas Sanchez Izquierdo,1558.6,1330.2,1531.4,1453.8
Mark Lajal,1557.0,1540.3,1469.1,1492.2
Andrea Guerrieri,1557.0,1399.5,1455.1,1504.5
Nicolas Moreno De Alboran,1556.6,1548.0,1517.6,1461.8
Cedrik Marcel Stebe,1556.4,1523.2,1544.9,1463.3
Stefano Travaglia,1556.3,1532.0,1513.4,1454.5
Alejandro Moro Canas,1555.8,1533.4,1498.2,1520.4
Harold Mayot,1555.7,1540.4,1527.0,1492.6
Kimmer Coppejans,1554.7,1474.6,1524.0,1472.3
Mikhail Kukushkin,1551.6,1525.7,1518.4,1510.3
August Holmgren,1551.1,1509.2,1485.4,1541.3
Felix Balshaw,1550.7,1397.3,1527.5,1475.3
Elias Ymer,1550.6,1528.6,1493.4,1505.9
Jack Pinnington Jones,1550.4,1544.1,1429.9,1522.2
Billy Harris,1550.2,1493.7,1384.1,1561.0
Chun Hsin Tseng,1547.0,1491.5,1537.4,1384.5
Gauthier Onclin,1546.5,1541.8,1480.4,1494.3
Darwin Blanch,1545.2,1480.1,1490.4,1486.4
Marvin Moeller,1543.0,1438.3,1534.7,1521.5
Giles Hussey,1542.8,1476.5,1381.4,1491.9
Hugo Grenier,1542.3,1520.3,1407.3,1445.7
Hynek Barton,1542.2,1495.3,1506.8,1471.1
Max Schoenhaus,1539.5,1439.2,1505.8,1418.8
Ilya Ivashka,1538.0,1509.1,1556.6,1516.4
Brandon Holt,1536.8,1507.1,1353.7,1507.0
David Jorda Sanchis,1535.6,1329.6,1538.3,1428.9
Joel Schwaerzler,1534.9,1498.5,1502.1,1449.7
Timofey Skatov,1533.4,1474.1,1513.3,1508.1
Harry Wendelken,1532.8,1550.6,1339.8,1446.9
Henri Squire,1532.2,1469.9,1512.3,1370.3
Juan Carlos Prado Angelo,1531.6,1396.3,1518.0,1449.8
Daniel Elahi Galan,1530.5,1497.2,1492.2,1492.2
Matej Dodig,1529.8,1441.1,1503.9,1464.0
Jay Dylan Hara Friend,1529.7,1504.3,1369.7,1464.9
Sumit Nagal,1529.2,1469.1,1521.7,1397.1
Moise Kouame,1528.2,1529.3,1387.6,1464.1
Federico Coria,1528.2,1444.7,1508.4,1390.7
Alexander Ritschard,1528.0,1454.4,1557.1,1469.4
Braden Shick,1527.5,1529.2,1390.6,1443.1
Dominic Stricker,1526.5,1505.4,1462.3,1526.7
Petr Brunclik,1525.5,1459.2,1469.0,1462.8
Andre Ilagan,1523.8,1498.9,1371.9,1449.2
Max Alcala Gurri,1523.7,1359.1,1505.6,1461.8
Thiago Seyboth Wild,1523.6,1511.9,1505.8,1473.9
Tom Gentzsch,1523.6,1471.2,1501.6,1459.0
Christopher Eubanks,1523.4,1493.0,1414.6,1524.2
Gianluca Cadenasso,1521.7,1370.9,1496.8,1430.3
Ugo Blanchet,1521.3,1546.1,1440.0,1404.4
Luka Pavlovic,1520.2,1468.7,1469.3,1464.9
Stefano Napolitano,1515.5,1450.3,1513.7,1462.7
Andrej Nedic,1514.6,1431.9,1498.0,1507.3
Dane Sweeny,1514.5,1470.7,1314.2,1481.2
Clement Chidekh,1513.4,1523.4,1363.4,1490.9
Hamish Stewart,1513.3,1478.7,1366.7,1484.3
Buvaysar Gadamauri,1512.3,1440.9,1476.5,1456.1
Lautaro Midon,1511.3,1444.0,1493.0,1422.7
Raul Brancaccio,1508.1,1429.7,1487.6,1403.2
James Mccabe,1506.8,1468.7,1311.9,1487.8
Max Basing,1505.5,1367.1,1362.8,1537.5
Arthur Bouquier,1505.4,1482.0,1332.6,1440.2
Marc Andrea Huesler,1503.5,1489.3,1479.8,1456.9
Jacopo Vasami,1503.0,1325.2,1468.0,1451.5
Edas Butvilas,1499.3,1476.6,1460.1,1405.8
Felix Gill,1497.6,1502.9,1423.7,1411.4
Francesco Maestrelli,1497.1,1530.4,1437.9,1362.6
Zdenek Kolar,1496.9,1426.8,1479.1,1441.1
Rodrigo Pacheco Mendez,1496.4,1471.9,1436.4,1448.2
Nerman Fatic,1495.9,1417.1,1478.3,1466.2
Dali Blanch,1493.0,1263.6,1479.6,1446.5
Guy Den Ouden,1490.0,1335.8,1486.1,1387.8
Max Hans Rehberg,1489.1,1479.5,1412.5,1377.5
Maks Kasnikowski,1489.0,1413.1,1499.5,1494.5
Hyeon Chung,1488.4,1459.1,1525.7,1400.1
Li Tu,1487.9,1471.1,1370.4,1516.4
Rio Noguchi,1487.0,1478.5,1285.4,1338.6
Timo Legout,1486.6,1484.4,1301.3,1443.3
Maxim Mrva,1485.4,1496.1,1436.8,1492.7
Stefan Dostanic,1485.4,1491.5,1399.5,1442.7
Trevor Svajda,1484.9,1450.5,1352.4,1442.4
Bernard Tomic,1483.5,1445.7,1424.7,1494.7
Cezar Cretu,1482.2,1426.6,1452.3,1441.1
Duje Ajdukovic,1480.3,1462.1,1461.9,1354.1
Yu Hsiou Hsu,1479.4,1463.8,1402.2,1351.0
Enrico Dalla Valle,1477.9,1393.1,1454.9,1439.0
Felipe Meligeni Alves,1476.8,1421.7,1468.6,1472.7
Igor Ribeiro Marcondes,1476.6,1409.1,1477.6,1407.8
Joao Lucas Reis Da Silva,1476.5,1354.7,1465.6,1401.9
Yi Zhou,1476.1,1455.0,1309.0,1484.2
Gonzalo Bueno,1473.3,1305.3,1457.7,1404.6
Fajing Sun,1473.2,1450.1,1267.0,1415.6
Mili Poljicak,1471.1,1296.7,1441.6,1399.7
Andrej Martin,1469.9,1372.7,1443.9,1347.3
Edward Winter,1468.2,1446.2,1344.1,1461.6
Genaro Alberto Olivieri,1468.2,1343.3,1448.5,1334.5
Mees Rottgering,1467.5,1448.8,1438.6,1449.6
Andres Andrade,1467.3,1407.9,1455.1,1412.4
Mika Brunold,1465.8,1443.2,1406.6,1421.5
Matheus Pucinelli De Almeida,1465.0,1296.8,1453.9,1433.4
Norbert Gombos,1463.1,1447.7,1444.2,1413.0
Lorenzo Giustino,1463.1,1447.1,1415.3,1327.6
Yasutaka Uchiyama,1462.8,1430.7,1347.5,1417.4
Guido Ivan Justo,1462.0,1316.6,1447.5,1431.0
Mitchell Krueger,1460.7,1435.5,1427.1,1423.5
Christoph Negritu,1458.7,1423.4,1428.7,1429.3
Javier Barranco Cosano,1457.4,1398.9,1441.3,1432.7
Eliakim Coulibaly,1457.0,1456.6,1380.8,1428.5
Keegan Smith,1456.8,1412.5,1384.2,1425.3
Alex Martinez,1456.6,1398.6,1429.0,1428.3
Petr Nesterov,1455.8,1430.4,1409.5,1427.9
Beibit Zhukayev,1455.4,1401.7,1378.6,1509.7
Nick Hardt,1455.1,1404.6,1440.0,1429.3
Calvin Hemery,1455.1,1395.3,1460.3,1379.7
Marat Sharipov,1454.8,1430.9,1410.8,1427.4
Laurent Lokoli,1454.7,1406.7,1444.0,1460.7
Henry Bernet,1453.6,1356.8,1443.4,1426.8
Mats Rosenkranz,1453.5,1424.3,1320.2,1398.4
Marko Topo,1453.4,1468.3,1393.5,1435.9
Pedro Boscardin Dias,1453.4,1259.0,1434.5,1408.5
Jay Clarke,1452.9,1418.1,1411.5,1343.2
Andrew Paulson,1452.4,1355.8,1426.8,1426.2
Max Houkes,1452.2,1300.8,1439.9,1362.7
Sascha Gueymard Wayenburg,1452.1,1413.2,1418.0,1390.5
George Loffhagen,1451.8,1439.8,1301.0,1408.2
Ilia Simakin,1451.6,1499.0,1303.8,1425.8
Juan Pablo Varillas,1451.6,1362.6,1439.7,1353.9
Benjamin Hassan,1450.7,1397.8,1452.4,1422.1
Moez Echargui,1449.4,1424.6,1359.1,1436.0
Marc Polmans,1449.0,1414.0,1400.0,1462.3
Radu Albot,1448.6,1426.9,1434.7,1493.2
Dimitar Kuzmanov,1448.4,1433.2,1407.8,1419.0
Matias Soto,1447.2,1335.5,1438.8,1423.6
Philip Henning,1446.5,1477.1,1338.3,1473.3
Frederico Ferreira Silva,1445.9,1467.1,1389.2,1421.4
Daniil Glinka,1444.8,1465.7,1414.2,1374.9
Franco Roncadelli,1443.7,1350.8,1437.1,1398.8
Stefan Kozlov,1442.4,1415.0,1403.9,1421.0
Abedallah Shelbayh,1441.8,1447.9,1311.8,1447.1
Paul Jubb,1441.5,1411.1,1345.9,1456.7
Franco Agamenone,1441.5,1340.4,1421.2,1349.7
Ryan Peniston,1441.0,1402.0,1356.5,1440.0
Sandro Kopp,1440.7,1330.7,1428.7,1420.4
Martin Krumich,1439.2,1350.4,1406.6,1419.6
Lilian Marmousez,1438.3,1389.6,1412.7,1419.2
Yuta Shimizu,1438.2,1409.2,1305.1,1425.7
Johannus Monday,1436.8,1414.7,1328.4,1395.4
Antoine Escoffier,1435.7,1413.4,1258.4,1360.8
Hernan Casanova,1435.2,1283.9,1422.1,1386.8
Oliver Crawford,1434.7,1407.8,1368.5,1436.5
Gilles Arnaud Bailly,1433.5,1435.8,1403.7,1422.7
Antoine Ghibaudo,1433.2,1381.2,1404.9,1412.6
Daniel Michalski,1432.8,1424.7,1387.1,1466.4
Jason Jung,1431.5,1394.9,1364.3,1431.6
Federico Agustin Gomez,1430.8,1395.5,1401.6,1391.4
Juan Manuel La Serna,1430.4,1355.7,1415.3,1415.2
Ivan Gakhov,1430.2,1386.6,1384.3,1386.6
Oriol Roca Batalla,1429.3,1369.6,1404.6,1375.8
Alastair Gray,1428.0,1389.2,1324.0,1415.5
Andrea Collarini,1426.0,1322.1,1410.9,1333.4
Ognjen Milic,1425.4,1406.8,1414.8,1462.7
Miguel Damas,1423.9,1341.7,1397.4,1411.9
Alexander Vasilev,1421.6,1320.8,1373.8,1410.8
Daniel Milavsky,1421.1,1373.4,1303.7,1436.4
Federico Bondioli,1420.9,1263.5,1406.1,1371.7
Thomas Faurel,1416.7,1332.3,1379.0,1408.4
Murphy Cassone,1416.0,1386.1,1312.1,1372.9
Alvaro Guillen Meza,1415.8,1245.0,1385.9,1387.9
Filippo Romano,1414.3,1461.2,1307.9,1400.1
Petr Bar Biryukov,1414.3,1417.8,1331.5,1367.3
James Trotter,1414.2,1380.4,1356.3,1384.9
Daniel Masur,1413.4,1382.5,1387.3,1402.2
Dan Added,1413.2,1399.6,1283.0,1372.5
Bernabe Zapata Miralles,1413.1,1366.2,1407.4,1423.5
Hady Habib,1411.6,1364.1,1435.4,1431.0
Justin Engel,1411.4,1410.5,1317.8,1434.8
Marek Gengel,1410.6,1377.3,1260.0,1364.9
Facundo Mena,1410.4,1346.2,1387.6,1369.9
Blake Ellis,1409.3,1384.4,1314.6,1404.6
Tung Lin Wu,1408.8,1379.5,1422.5,1363.8
Charles Broom,1408.7,1396.1,1285.1,1385.9
Tibo Colson,1408.7,1351.6,1352.5,1404.4
Matteo Martineau,1403.4,1391.4,1339.9,1384.0
Manas Dhamne,1403.1,1395.4,1370.3,1451.5
Alexander Donski,1399.7,1428.4,1339.6,1449.9
Michael Geerts,1399.5,1382.8,1347.9,1343.4
Andres Santamarta Roig,1399.0,1309.5,1378.1,1399.5
Niels Mcdonald,1398.5,1270.6,1394.9,1399.2
Alex Barrena,1397.4,1266.8,1373.4,1370.3
Mathys Erhard,1394.8,1354.9,1363.3,1397.4
Sergey Fomin,1394.7,1356.2,1378.1,1397.4
Milos Karol,1393.1,1333.2,1365.7,1396.6
Jakub Paul,1389.2,1340.1,1347.6,1394.6
Aziz Dougaz,1388.5,1373.9,1364.3,1387.8
Florent Bax,1387.7,1381.3,1356.8,1371.3
Jonas Forejtek,1386.8,1332.9,1363.5,1376.4
Juan Pablo Ficovich,1385.2,1390.6,1368.4,1350.0
Nicolas Kicker,1384.6,1345.2,1373.2,1341.8
Samir Banerjee,1383.9,1361.0,1302.0,1392.0
Jie Cui,1382.9,1353.5,1249.3,1391.5
Rudolf Molleker,1382.8,1338.8,1377.5,1360.7
Quinn Vandecasteele,1382.7,1367.8,1301.3,1351.9
Olle Wallin,1380.4,1318.4,1367.6,1390.2
Filip Cristian Jianu,1379.4,1301.5,1358.1,1342.5
Luciano Emanuel Ambrogi,1379.4,1240.8,1369.0,1373.2
Khumoun Sultanov,1379.1,1367.1,1277.7,1400.2
Murkel Alejandro Dellien Velasco,1378.6,1357.2,1368.2,1368.2
Tom Paris,1377.4,1355.9,1316.7,1388.7
Pierluigi Basile,1376.6,1240.9,1382.3,1388.3
Tommaso Compagnucci,1375.9,1244.5,1362.9,1387.9
Lucio Ratti,1373.5,1310.2,1350.3,1386.8
Philip Sekulic,1373.4,1346.6,1265.5,1385.9
Francesco Forti,1373.3,1311.0,1345.9,1386.6
Oleg Prihodko,1371.6,1391.3,1309.3,1385.8
Alfredo Perez,1371.6,1333.4,1379.7,1385.8
Gabi Adrian Boitan,1369.8,1345.3,1351.5,1434.9
Juan Bautista Torres,1368.6,1286.4,1356.6,1384.3
Stefan Palosi,1368.3,1294.1,1351.1,1384.1
Dmitry Popko,1367.7,1390.9,1317.2,1314.1
Aidan Mayo,1366.8,1346.6,1306.2,1389.6
Eero Vasa,1364.2,1326.2,1344.8,1432.1
Denis Yevseyev,1362.3,1366.7,1325.3,1391.0
Geoffrey Blancaneaux,1362.0,1362.2,1347.6,1309.0
Ioannis Xilas,1361.6,1348.7,1362.5,1430.8
Tyler Zink,1360.9,1345.9,1288.5,1366.5
Akira Santillan,1358.8,1338.4,1313.0,1338.0
Mert Alkaya,1358.0,1336.6,1323.4,1385.8
Gerard Campana Lee,1355.1,1325.6,1310.3,1377.6
Nicolas Alvarez Varona,1353.4,1382.0,1301.2,1376.7
Hiroki Moriya,1352.8,1320.8,1254.8,1353.6
Alex Rybakov,1351.7,1309.8,1310.5,1397.0
Gonzalo Villanueva,1351.4,1239.0,1339.1,1375.7
Carlos Sanchez Jover,1349.7,1245.1,1330.5,1374.9
Maximus Jones,1347.8,1321.8,1316.4,1373.9
Michele Ribecai,1346.8,1308.6,1330.5,1373.4
Garrett Johns,1346.5,1328.6,1296.3,1372.1
Juan Cruz Martin Manzano,1346.3,1283.2,1337.3,1373.2
Alexandr Binda,1346.0,1287.0,1331.8,1373.0
Hayato Matsuoka,1344.1,1318.0,1282.0,1354.5
Tai Sach,1343.4,1321.9,1281.7,1371.7
Cannon Kingsley,1342.3,1344.5,1262.4,1371.1
Luca Potenza,1342.1,1317.3,1297.1,1371.0
Alan Magadan,1340.5,1308.3,1320.7,1370.3
Johan Alexander Rodriguez Rodriguez,1340.3,1353.7,1298.3,1370.2
Sergio Callejon Hernando,1340.3,1304.4,1311.8,1370.1
Olaf Pieczkowski,1338.4,1331.4,1329.4,1419.2
Valerio Aboian,1338.0,1228.9,1325.6,1369.0
Alberto Barroso Campos,1337.8,1321.0,1256.4,1360.1
Andres Martin,1337.0,1331.7,1306.1,1418.5
Mae Malige,1336.9,1308.6,1229.1,1368.4
Corentin Denolly,1331.3,1271.4,1292.5,1352.3
Justin Boulais,1330.3,1304.7,1275.2,1365.2
Kaichi Uchida,1329.6,1310.9,1286.1,1333.4
Santiago Fa Rodriguez Taverna,1329.4,1285.5,1320.2,1351.5
Conner Huertas Del Pino,1329.3,1307.1,1310.7,1364.6
Eduardo Ribeiro,1329.3,1243.1,1316.9,1364.7
James Watt,1328.3,1321.9,1238.9,1359.6
Federico Arnaboldi,1328.2,1300.0,1289.0,1333.6
Masamichi Imamura,1327.9,1297.0,1273.9,1363.9
Karim Bennani,1326.7,1349.1,1263.3,1363.3
Jacopo Berrettini,1325.4,1257.8,1335.8,1362.7
Miguel Tobon,1324.5,1298.8,1307.1,1373.2
Luis Guto Miguel,1322.0,1267.1,1317.1,1361.0
Viktor Durasovic,1320.0,1329.2,1263.2,1303.7
Neil Oberleitner,1319.6,1286.4,1271.8,1359.8
Robin Bertrand,1318.8,1320.6,1220.6,1359.4
Johan Nikles,1318.7,1273.0,1306.1,1359.3
Arda Azkara,1314.3,1296.2,1267.1,1340.7
Karl Poling,1313.7,1320.3,1216.4,1315.2
Dan Martin,1313.2,1276.1,1274.7,1328.7
Jelle Sels,1312.5,1333.0,1282.7,1252.5
Niels Visker,1312.2,1335.3,1232.5,1332.2
Cruz Hewitt,1310.7,1292.5,1265.3,1355.3
Olukayode Alafia Damina Ayeni,1308.0,1302.1,1212.6,1310.3
Pietro Fellin,1308.0,1297.0,1233.4,1354.0
Daniel Dutra Da Silva,1307.0,1232.2,1282.2,1339.6
Sasi Kumar Mukund,1305.7,1281.1,1241.0,1316.2
Ivan Marrero Curbelo,1302.5,1237.3,1327.8,1351.3
Patrick Zahraj,1296.3,1305.0,1225.5,1343.4
Omar Jasika,1295.9,1271.9,1244.9,1242.5
Lucas Poullain,1295.3,1286.0,1225.5,1347.7
Robert Strombachs,1294.4,1287.2,1255.8,1347.2
Blaise Bicknell,1293.6,1270.6,1277.6,1396.8
Patrick Maloney,1293.4,1259.7,1308.4,1328.2
Carl Emil Overbeck,1292.9,1271.2,1256.5,1346.5
Alejo Sanchez Quilez,1292.8,1262.1,1268.2,1346.4
Maxime Janvier,1291.8,1278.9,1258.1,1314.8
Tsung Hao Huang,1289.7,1270.1,1243.3,1344.9
Maxime Chazal,1287.7,1237.5,1253.5,1343.8
Kasidit Samrej,1285.4,1259.8,1356.9,1392.7
Juan Estevez,1284.3,1252.2,1276.7,1342.2
Svyatoslav Gulin,1284.0,1246.4,1268.7,1342.0
Taha Baadi,1282.1,1249.6,1279.8,1305.3
Joaquin Aguilar Cardozo,1281.4,1302.5,1284.6,1390.7
Adria Soriano Barrera,1279.6,1280.9,1225.5,1339.8
Carlo Alberto Caniato,1277.0,1226.4,1275.8,1338.5
Yusuke Takahashi,1267.7,1243.3,1262.5,1333.9
Raphael Perot,1267.6,1230.8,1261.2,1333.8
Christian Langmo,1266.5,1254.0,1140.8,1333.2
San Hui Sin,1265.1,1242.2,1242.6,1332.6
Max Wiskandt,1262.7,1226.1,1253.1,1304.1
Gabriele Piraino,1253.7,1201.8,1247.8,1326.8
Bor Artnak,1253.3,1241.0,1290.2,1376.7
Pedro Sakamoto,1244.8,1236.2,1228.9,1322.4
Mateus Alves,1244.5,1146.2,1246.9,1322.3
Juan Alejandro Hernandez Serrano,1239.5,1243.4,1200.3,1319.7
Naoya Honda,1239.5,1236.3,1203.1,1319.8
Aryan Shah,1235.2,1227.9,1226.1,1317.6
Filip Peliwo,1233.6,1210.8,1251.5,1280.6
Samuele Pieri,1224.6,1222.3,1210.5,1312.3
Renta Tokuda,1223.7,1196.6,1173.1,1311.8
Vadym Ursu,1222.7,1195.6,1167.6,1290.3
Saba Purtseladze,1220.3,1251.8,1110.1,1288.2
Dominik Palan,1214.0,1201.3,1195.2,1307.0
Moerani Bouzige,1210.6,1179.6,1215.3,1305.3
Kokoro Isomura,1205.7,1176.3,1212.9,1302.9
Joao Eduardo Schiessl,1201.5,1173.9,1203.0,1300.7
Carlos Maria Zarate,1199.9,1212.2,1187.0,1300.0
Mariano Kestelboim,1198.4,1170.6,1189.0,1299.2
Luca Castelnuovo,1196.9,1176.5,1173.0,1288.5
Lorenzo Joaquin Rodriguez,1193.3,1172.8,1184.1,1296.7
Andrew Fenty,1186.6,1169.1,1191.5,1293.3
Tomasz Berkieta,1182.2,1211.1,1152.8,1291.1
Ryan Dickerson,1180.8,1173.8,1186.9,1290.4
Juan Sebastian Gomez,1180.6,1181.2,1168.0,1290.3
Tiago Pereira,1178.8,1142.3,1200.1,1255.5
Sebastian Gima,1167.1,1137.2,1170.1,1283.6
Ivan Ivanov,1164.6,1162.0,1099.2,1278.2
Lorenzo Carboni,1160.5,1123.4,1165.6,1280.2
Mitsuki Wei Kang Leong,1154.7,1154.9,1187.3,1242.0
Paulo Andre Saraiva Dos Santos,1154.1,1166.2,1143.8,1277.0
Samuel Heredia,1141.1,1166.2,1136.0,1270.6
Nicolas Villalon,1135.4,1177.7,1127.6,1267.7
Karan Singh,1133.9,1090.4,1227.7,1267.0
Bruno Fernandez,1130.0,1175.0,1117.3,1265.0
Tristan Mccormick,1125.6,1118.6,1124.5,1232.3
Jake Delaney,1103.0,1088.3,1131.7,1251.5
Santiago De La Fuente,1066.2,1143.1,1063.0,1233.1
Samuel Alejandro Linde Palacios,1051.6,1113.5,1050.4,1225.8
Maximo Zeitune,1043.6,1131.8,1032.8,1221.8
